{"cameraMode":{"drawMode":0,"name":"Shaded","section":"Shading Mode"},"sceneLighting":true,"audioPlay":false,"sceneViewState":{"showFog":true,"showMaterialUpdate":false,"showSkybox":true,"showFlares":true,"showImageEffects":true,"showParticleSystems":true},"in2DMode":false,"pivot":{"x":0.24854719638824464,"y":-0.9704523086547852,"z":-0.8687334060668945},"rotation":{"x":-0.30297210812568667,"y":0.0019982715602964164,"z":-0.0006354762008413672,"w":-0.9530000686645508},"size":9.534477233886719,"orthographic":false}